{
    "area": [31.4013056639, 120.2321805150, 31.6006740928, 120.4074773884],
    "range": [8, 12],
    "types": ["normal", "sate", "mix"],
    "theme": "dark"
}
